,EE,EE,EE,NN,NN,NN,EN,EN,EN
Baseline,0.00304345,0.00253157,0.00546366,0.00190816,0.00239460,0.00567047,0.00159640,0.00265761,0.00508737
Post,0.00329417,0.00606976,0.00492669,0.00167071,0.00338202,0.00582256,0.00196556,0.00342888,0.00556600