,EE,EE,EE,NN,NN,NN,EN,EN,EN
Baseline,0.00793876,0.00242942,0.00473237,0.00483428,0.00254929,0.00355507,0.00514833,0.00152202,0.00339290
Post,0.00762499,0.00206725,0.00482068,0.00690320,0.00355388,0.00742006,0.00611066,0.00156211,0.00558517