,EE,EE,EE,NN,NN,NN,EN,EN,EN
Baseline,0.00402028,0.00387378,0.00413290,0.00361076,0.00839907,0.00424464,0.00367914,0.00539318,0.00296928
Post,0.00291313,0.00405178,0.00397520,0.00273229,0.00793972,0.00358359,0.00313878,0.00460295,0.00374141