,Tagged,Tagged,Tagged,Non-tagged,Non-tagged,Non-tagged
Baseline,0.29397321,0.16564510,0.17081633,0.16319845,0.12892021,0.13218590
Post,0.32819196,0.18420629,0.17988520,0.20165722,0.15442819,0.15155769