,Tagged,Tagged,Tagged,Non-tagged,Non-tagged,Non-tagged
Baseline,0.17429630,0.19864091,0.15431098,0.15555000,0.12940809,0.14010536
Post,0.22648148,0.24920455,0.16932927,0.15805714,0.18022059,0.12035893