,Tagged,Tagged,Tagged,Non-tagged,Non-tagged,Non-tagged
Baseline,0.09501176,0.15069889,0.11727476,0.08254902,0.14450535,0.08298643
Post,0.11311765,0.14979033,0.10358153,0.08967320,0.13375668,0.09203620